122133,50.16.19.13,success,1558430857
136745,66.249.73.185,success,1558430859
1476456,110.136.166.128,success,1558430853
158345,46.105.14.53,success,1558430855
1676456,110.136.166.128,success,1558430857
1776456,110.136.166.128,success,1558430854
1876456,110.136.166.128,fail,1558430859
1976456,110.136.166.128,success,1558430861
203464,123.125.71.35,success,1558430860
2176456,110.136.166.128,success,1558430865
2265322,50.150.204.184,success,1558430866
2323565,207.241.237.125,fail,1558430862
248455,200.49.190.101,success,1558430867
258455,200.49.190.100,success,1558430865
268455,200.49.190.101,success,1558430869
278455,200.49.190.101,success,1558430872
2832031,66.249.73.185,success,1558430875
2912018,66.249.73.135,success,1558430874
2922018,66.249.73.135,success,1558430879
3012018,66.249.73.135,fail,1558430881
3012018,66.249.73.135,success,1558430884
3012018,66.249.73.135,fail,1558430883
3012018,66.249.73.135,fail,1558430882
3221419,67.214.178.190,success,1558430882
3321419,67.214.178.190,success,1558430880
3423565,207.241.237.220,success,1558430881
352386,46.105.14.53,success,1558430883
3623565,207.241.237.227,success,1558430884
3783419,91.177.205.119,success,1558430881
3883419,91.177.205.119,fail,1558430882
3983419,91.177.205.119,success,1558430885
4083419,91.177.205.119,fail,1558430886
4183419,91.177.205.119,success,1558430884
4283419,91.177.205.119,success,1558430886
434325,26.249.73.15,success,1558430888
442123,207.241.237.228,success,1558430887
4521083,207.241.237.101,success,1558430889
4613490,87.169.99.232,success,1558430886
4793765,209.85.238.199,success,1558430890
4893765,209.85.238.199,success,1558430892
95279527,66.249.73.135,fail,1558430893
95279527,66.249.73.135,fail,1558430896
95279527,66.249.73.135,fail,1558430898
95279527,66.249.73.135,success,155843896